first_name,phone_number
Dirk,+261 685 443 0872
Jacquenetta,+380 469 808 3327
Gilly,+81 116 539 1804
Tiena,+1 441 283 2071
Yolanthe,+7 839 145 6192
Marcos,+220 997 939 3721
Dieter,+86 721 191 7879
Hadrian,+7 511 368 9239
Riva,+255 933 937 8986
Andromache,+20 390 983 2908
Dallon,+33 923 514 7832
Etti,+380 183 811 9255
Anselma,+93 568 123 1304
Gwendolyn,+63 395 976 1000
Mischa,+30 708 418 6461
Robbyn,+353 294 203 7509
Larisa,+692 635 380 1747
Woody,+251 675 741 1449
Emile,+86 897 512 8810
Dalenna,+62 464 368 8078
Ester,+86 540 627 3846
Tyrus,+55 264 870 4288
Bernette,+234 814 894 9542
Tailor,+86 450 954 3588
Sibella,+63 585 295 2311
Gayla,+595 802 642 1401
Hall,+62 413 274 0134
Stesha,+86 195 408 6152
Gwendolyn,+66 486 608 9307
Alejoa,+86 139 861 1881
Brande,+212 933 879 7384
Annette,+7 296 669 8837
Briggs,+86 284 160 2176
Brandice,+51 899 681 3158
Modestia,+351 897 599 2337
Tudor,+1 160 586 7248
Coralie,+351 526 600 8213
Temple,+66 442 473 8101
Teddie,+94 369 321 0974
Arvie,+51 631 502 4814
Deva,+63 475 250 8738
Ann,+46 403 779 3539
Stacee,+880 439 965 7527
Linn,+380 856 191 9423
Angel,+353 809 361 2460
Klarrisa,+52 402 164 6580
Babette,+62 664 871 9620
Arnoldo,+223 895 955 0708
Dag,+48 702 856 0961
Katee,+592 920 145 8758
Erma,+375 340 627 3877
Broderic,+265 440 761 0748
Annamarie,+380 582 384 4968
Oralla,+62 763 986 5621
Wolf,+242 148 396 1557
Fairleigh,+62 268 282 6164
Honey,+86 673 911 0164
Cordy,+351 383 166 6263
Phillip,+62 731 342 3617
Carissa,+86 792 253 8051
Toby,+46 248 249 8180
Clevey,+86 319 298 2102
Jamey,+216 189 889 4812
Staford,+374 544 342 7770
Consalve,+1 602 963 0103
Clare,+7 557 725 6356
Molli,+86 714 434 3021
Josie,+58 350 691 0765
Adolf,+62 986 933 4259
Tabby,+976 973 803 5412
Sherlocke,+353 182 626 8332
Maxi,+229 471 430 9071
Sheila,+225 176 858 4793
Odilia,+234 808 932 7429
Faunie,+963 837 392 5680
Darb,+57 150 290 7244
Hermon,+33 550 681 7581
Dode,+358 561 633 1629
Adelle,+54 308 324 9481
Liuka,+86 122 161 6050
Torin,+46 356 375 9745
Lincoln,+7 133 440 2506
Parnell,+7 740 575 6190
Morris,+81 688 711 7930
Garey,+976 139 502 5861
Calla,+39 954 331 5131
Andras,+86 421 483 8009
Anica,+7 378 480 3981
Phylis,+86 695 634 0489
Joellyn,+52 897 900 8739
Calley,+1 215 838 9026
Creight,+237 878 621 1746
Niel,+62 271 764 1154
Kilian,+62 547 100 3617
Karla,+54 778 765 7439
Prudi,+7 941 823 6662
Conney,+33 396 829 3329
Nanette,+351 713 926 4820
Gabrielle,+48 782 657 8977
Corella,+86 195 335 6668
